,Новостройки,Автор отзыва,Отзыв,RuterExtractor,Ключевые слова KEYBERT,All_KeyBert,Ключевые слова RAKE,All_RAKE,Ключевые слова YAKE,Все ключевые слова YAKE,Группа 1,Группа 2,Группа 3,Группа 4
0,По ул. Соловьиная,Любовь Чистякова,Продавцы вежливые внимательные. Продукты вседа свежие. Только очень дорогое сливочное масло,"свежие дорогое сливочное масло, вежливые внимательные продукты, продавцы, вседа","['только очень дорогое сливочное масло', 'продавцы вежливые внимательные', 'продукты вседа']","только очень дорогое сливочное масло,продавцы вежливые внимательные,продукты вседа","['продавцы вежливые внимательные', 'продукты вседа свежие', 'дорогое сливочное масло']","продавцы вежливые внимательные,продукты вседа свежие,дорогое сливочное масло","['Продавцы вежливые внимательные', 'Продавцы', 'внимательные', 'вежливые', 'Продукты вседа свежие', 'масло']","Продавцы вежливые внимательные,Продавцы,внимательные,вежливые,Продукты вседа свежие,масло",DELETED,DELETED,DELETED,DELETED
1,По ул. Соловьиная,Инкогнито 9678,Очень спокойный и тихий район,спокойный тихий район,"['тихий район', 'очень']","тихий район,очень","['тихий район', 'спокойный']","тихий район,спокойный","['спокойный и тихий район', 'район', 'спокойный', 'тихий']","спокойный и тихий район,район,спокойный,тихий",Рекомендую,,,
2,По ул. Соловьиная,Любовь Янченко,"Неплохие квартиры, хорошие большие лифты, детская площадка, большая парковка, жильцы вежливые, минус-высокая слышимость в квартирах, рядом родник с водой.","хорошие большие лифты, неплохие квартира, детская площадка, высокая слышимость, большая парковка, родник, квартиры, жильцы, вода","['хорошие большие лифты', 'детская площадка', 'большая парковка', 'жильцы вежливые', 'минус']","хорошие большие лифты,детская площадка,большая парковка,жильцы вежливые,минус","['хорошие большие лифты', 'неплохие квартиры', 'детская площадка', 'большая парковка', 'жильцы вежливые', 'минус-высокая слышимость', 'квартирах', 'родник', 'водой']","хорошие большие лифты,неплохие квартиры,детская площадка,большая парковка,жильцы вежливые,минус-высокая слышимость,квартирах,родник,водой","['хорошие большие лифты', 'минус-высокая слышимость в квартирах', 'Неплохие квартиры', 'детская площадка', 'большая парковка', 'жильцы вежливые']","хорошие большие лифты,минус-высокая слышимость в квартирах,Неплохие квартиры,детская площадка,большая парковка,жильцы вежливые",Удобная Парковка,Высокая слышимость,,
3,По ул. Соловьиная,Pavel Лебедев,"Место классное. Дома новые, лифты в домах объёмные, удобные. Я недавно квартиру купил в соседнем-18-ом доме, район очень перспективный, правда тут ещё работать и работать, но надеюсь скоро всё поставят, доведут до ума.","объёмные удобные квартира, новые лифты, классное дом, ум, район, место, дома, дом","['район очень перспективный', 'но надеюсь скоро всё поставят', 'место классное', 'доведут до ума', 'правда тут ещё']","район очень перспективный,но надеюсь скоро всё поставят,место классное,доведут до ума,правда тут ещё","['место классное', 'дома новые', 'домах объёмные', 'квартиру купил', 'соседнем-18-ом доме', 'надеюсь скоро', 'лифты', 'удобные', 'район', 'перспективный', 'правда', 'работать', 'поставят', 'доведут', 'ума']","место классное,дома новые,домах объёмные,квартиру купил,соседнем-18-ом доме,надеюсь скоро,лифты,удобные,район,перспективный,правда,работать,поставят,доведут,ума","['Место классное', 'лифты в домах объёмные', 'Место', 'Дома новые', 'удобные', 'доме']","Место классное,лифты в домах объёмные,Место,Дома новые,удобные,доме",Лифт в новостройке,Расположение удобное,,
4,По ул. Соловьиная,Юлия Черменева,Стоит жудкий запах канализации!!! С Васильеских ОСК,"запах канализации, жудкий",['стоит жудкий запах'],стоит жудкий запах,"['стоит жудкий запах канализации', 'васильеских оск']","стоит жудкий запах канализации,васильеских оск","['Стоит жудкий запах канализации', 'Стоит жудкий', 'Васильеских ОСК', 'жудкий запах', 'Стоит', 'канализации']","Стоит жудкий запах канализации,Стоит жудкий,Васильеских ОСК,жудкий запах,Стоит,канализации",Отсутствие Запаха(минус),,,
5,По ул. Соловьиная,161575 С.,"живу в соседнем доме, а в этом подружка, нам нравится, советую к преобритению, покупайте, правда в жизни дом выглядит немного подругому","соседний дом, преобритение, подружка, жизнь, дом","['нам нравится', 'покупайте']","нам нравится,покупайте","['жизни дом выглядит', 'соседнем доме', 'живу', 'подружка', 'нравится', 'советую', 'преобритению', 'покупайте', 'правда', 'подругому']","жизни дом выглядит,соседнем доме,живу,подружка,нравится,советую,преобритению,покупайте,правда,подругому","['живу в соседнем доме', 'дом выглядит немного подругому', 'правда в жизни дом', 'жизни дом выглядит', 'советую к преобритению', 'покупайте']","живу в соседнем доме,дом выглядит немного подругому,правда в жизни дом,жизни дом выглядит,советую к преобритению,покупайте",Рекомендую,,,
6,По ул. Соловьиная,Алексей Трушкин,Хорошие дома я очень рад что мои 9гаклмые там живут,хорошие дом,['хорошие'],хорошие,"['хорошие дома', 'рад', '9гаклмые', 'живут']","хорошие дома,рад,9гаклмые,живут","['Хорошие дома', 'дома я очень рад', 'живут', 'дома', 'рад']","Хорошие дома,дома я очень рад,живут,дома,рад",Рекомендую,,,
7,По ул. Соловьиная,Кирилл Кудрявцев,топ я тут живу,топ,[],"['топ', 'живу']","топ,живу","['топ я тут живу', 'топ', 'живу']","топ я тут живу,топ,живу",,Рекомендую,,,
8,По ул. Соловьиная,Юлия,"Парковок нет, от слова совсем (((((",парковки слова,"['от слова совсем', 'парковок нет']","от слова совсем,парковок нет","['парковок', 'слова']","парковок,слова","['Парковок', 'слова']","Парковок,слова",Удобная парковка(Минус),,,
9,По ул. Соловьиная,Андрей У.,"Мало парковочных мест, очень сложно вечером проезжать",парковочные места,"['мало парковочных мест', 'очень сложно', 'проезжать']","мало парковочных мест,очень сложно,проезжать","['сложно вечером проезжать', 'парковочных мест']","сложно вечером проезжать,парковочных мест","['сложно вечером проезжать', 'парковочных мест', 'мест', 'проезжать', 'сложно', 'вечером']","сложно вечером проезжать,парковочных мест,мест,проезжать,сложно,вечером",Удобная Парковка(минус),-,,
10,По ул. Соловьиная,Сергей Колпаков,"Район не плохой, но все время холодно.","плохая время, район","['район не плохой', 'но все время холодно']","район не плохой,но все время холодно","['район', 'плохой', 'холодно']","район,плохой,холодно","['Район не плохой', 'Район', 'плохой', 'холодно']","Район не плохой,Район,плохой,холодно",Отопление(Минус),,,
11,По ул. Соловьиная,Марина В.,Задержали сроки сдачи. По качеству выполненных строительных и прочих работ по отделке дома очень много нареканий. Месторасположение хорошее!,"выполненные строительные прочие работы, отделка дома нареканий, сроки сдачи, месторасположение, качество","['задержали сроки сдачи', 'месторасположение хорошее']","задержали сроки сдачи,месторасположение хорошее","['задержали сроки сдачи', 'качеству выполненных строительных', 'прочих работ', 'отделке дома', 'месторасположение хорошее', 'нареканий']","задержали сроки сдачи,качеству выполненных строительных,прочих работ,отделке дома,месторасположение хорошее,нареканий","['Задержали сроки сдачи', 'Задержали', 'сдачи', 'дома очень много нареканий', 'сроки', 'качеству выполненных строительных']","Задержали сроки сдачи,Задержали,сдачи,дома очень много нареканий,сроки,качеству выполненных строительных",DELETED,DELETED,,
12,По ул. Соловьиная,FRENSIS,"Не заезда , все остальное супер",заезд,"['все остальное супер', 'не заезда']","все остальное супер,не заезда","['остальное супер', 'заезда']","остальное супер,заезда","['остальное супер', 'заезда', 'супер']","остальное супер,заезда,супер",Рекомендую,Обустроенные дороги(Минус),,
13,По ул. Соловьиная,Алексей Козлов,"Тихое место, инфраструктура появляется. Дом новый.","тихое место, инфраструктура, дом","['дом новый', 'тихое место', 'инфраструктура появляется']","дом новый,тихое место,инфраструктура появляется","['тихое место', 'инфраструктура появляется', 'дом новый']","тихое место,инфраструктура появляется,дом новый","['Тихое место', 'инфраструктура появляется', 'появляется', 'Дом новый', 'Дом']","Тихое место,инфраструктура появляется,появляется,Дом новый,Дом",Рекомендую,,,
14,По ул. Соловьиная,Дмитрий Смирнов,"Очень хорошая местность, жить только в радость","хорошая местность, радость","['хорошая местность', 'очень']","хорошая местность,очень","['хорошая местность', 'жить', 'радость']","хорошая местность,жить,радость","['жить только в радость', 'хорошая местность', 'жить', 'радость', 'хорошая']","жить только в радость,хорошая местность,жить,радость,хорошая",Расположение удобное,,,
15,По ул. Соловьиная,Елена Магомеднабиева,Нет уличного освещения и остановки для транспорта,уличный освещение остановки транспорта,[],"['уличного освещения', 'остановки', 'транспорта']","уличного освещения,остановки,транспорта","['уличного освещения и остановки', 'остановки для транспорта', 'транспорта', 'уличного', 'освещения', 'остановки']","уличного освещения и остановки,остановки для транспорта,транспорта,уличного,освещения,остановки",,DELETED,DELETED,DELETED,
16,По ул. Соловьиная,Оксана М.,"Ужасная дорога к этим домам. Дворы чистые, все красиво.","ужасная дорога, дома, дворы","['ужасная дорога', 'дворы чистые', 'все красиво', 'этим домам']","ужасная дорога,дворы чистые,все красиво,этим домам","['ужасная дорога', 'дворы чистые', 'домам', 'красиво']","ужасная дорога,дворы чистые,домам,красиво","['Ужасная дорога', 'дорога к этим домам', 'домам', 'Дворы чистые', 'дорога', 'Дворы']","Ужасная дорога,дорога к этим домам,домам,Дворы чистые,дорога,Дворы",Чистота двора,Обустроенные дороги(Минус),,
17,По ул. Соловьиная,Андрей С.,"Я здесь живу, всё отлично!","['всё отлично', 'здесь живу']","всё отлично,здесь живу","['живу', 'отлично']","живу,отлично","['живу', 'отлично']","живу,отлично",,Рекомендую,,,
18,По ул. Соловьиная,Андрей Смирнов,"Отличный дом, я в нем живу.",отличный дом,['отличный дом'],отличный дом,"['отличный дом', 'живу']","отличный дом,живу","['Отличный дом', 'дом', 'живу']","Отличный дом,дом,живу",Рекомендую,,,
19,По ул. Соловьиная,Светлана Б.,Обычный многоквартирный дом. Очень хороший лифт,"обычный многоквартирный дом, хороший лифт","['обычный многоквартирный дом', 'очень хороший лифт']","обычный многоквартирный дом,очень хороший лифт","['обычный многоквартирный дом', 'хороший лифт']","обычный многоквартирный дом,хороший лифт","['Обычный многоквартирный дом', 'Обычный', 'дом', 'хороший лифт', 'лифт']","Обычный многоквартирный дом,Обычный,дом,хороший лифт,лифт",Лифт в новостройке,,,
20,По ул. Соловьиная,Анонимный отзыв,Хороший тихий район,хороший тихий район,['хороший тихий район'],хороший тихий район,['хороший тихий район'],хороший тихий район,"['Хороший тихий район', 'Хороший', 'район', 'тихий']","Хороший тихий район,Хороший,район,тихий",Рекомендую,,,
21,По ул. Соловьиная,евгений ивков,Новый дом! Всё хорошо,новый дом,"['новый дом', 'всё хорошо']","новый дом,всё хорошо",['новый дом'],новый дом,"['Новый дом', 'дом']","Новый дом,дом",Рекомендую,,,
22,"На ул. Шагова, 68",Ростислав Смирнов,"3 балла ,так как местность у дома не чистят вообще ,а также чтоб пройти к самим подъездам нужно поднятся на небольшую горку,а сейчас эта горка полностью заледенелаи на ней помно на ледянке кактаться","небольшая горка, местность дома, подъезды, ледянка, заледенелая, горка, балл","['на небольшую горку', 'дома не чистят вообще', 'самим подъездам нужно', 'балла', 'так']","на небольшую горку,дома не чистят вообще,самим подъездам нужно,балла,так","['горка полностью заледенелаи', 'чистят вообще', 'небольшую горку', 'ледянке кактаться', '3 балла', 'местность', 'дома', 'пройти', 'подъездам', 'поднятся', 'помно']","горка полностью заледенелаи,чистят вообще,небольшую горку,ледянке кактаться,3 балла,местность,дома,пройти,подъездам,поднятся,помно","['дома не чистят вообще', 'помно на ледянке кактаться', 'поднятся на небольшую горку,а', 'горка полностью заледенелаи', 'местность у дома', 'пройти к самим подъездам']","дома не чистят вообще,помно на ледянке кактаться,поднятся на небольшую горку,а,горка полностью заледенелаи,местность у дома,пройти к самим подъездам",Чистота двора(Минус),,,
23,"На ул. Шагова, 68",Анна Кузнецова,"Хорошее, качественное качественное здание",хорошее качественное качественное здание,"['качественное качественное здание', 'хорошее']","качественное качественное здание,хорошее","['качественное качественное здание', 'хорошее']","качественное качественное здание,хорошее","['качественное качественное здание', 'Хорошее', 'здание', 'качественное']","качественное качественное здание,Хорошее,здание,качественное",Рекомендую,,,
24,"На ул. Шагова, 68",Кирилл Шарафутдинов,"Красивый малоквартирный дом, удобная подземная парковка, закрытая территория. Для детей есть пара качелей и не более","удобная подземная парковка, красивый малоквартирный дом, закрытая территория детей, пара качелей","['малоквартирный дом', 'удобная подземная парковка', 'красивый', 'закрытая территория']","малоквартирный дом,удобная подземная парковка,красивый,закрытая территория","['красивый малоквартирный дом', 'удобная подземная парковка', 'закрытая территория', 'пара качелей', 'детей']","красивый малоквартирный дом,удобная подземная парковка,закрытая территория,пара качелей,детей","['Красивый малоквартирный дом', 'удобная подземная парковка', 'закрытая территория', 'Красивый', 'дом', 'удобная']","Красивый малоквартирный дом,удобная подземная парковка,закрытая территория,Красивый,дом,удобная",Удобная парковка,Расположение удобное,Рекомендую,
25,"На ул. Шагова, 68",Александр Шура,"Очень злые люди,почему вы такие?или думаете типа в элитном доме живёте?помойка 
Людьми нужно быть,и попроще относится к людям","люди, элитный дом, злые люди, тип","['людьми нужно быть', 'очень злые', 'людям']","людьми нужно быть,очень злые,людям","['элитном доме живёте', 'думаете типа', 'помойка людьми', 'попроще относится', 'злые', 'людям']","элитном доме живёте,думаете типа,помойка людьми,попроще относится,злые,людям","['помойка Людьми нужно быть,и', 'Людьми нужно быть,и попроще', 'элитном доме живёте', 'попроще относится к людям', 'думаете типа в элитном', 'типа в элитном доме']","помойка Людьми нужно быть,и,Людьми нужно быть,и попроще,элитном доме живёте,попроще относится к людям,думаете типа в элитном,типа в элитном доме",Рекомендую(Минус),,,
26,"На ул. Шагова, 68",Марго Орлова,Грязно очень.,['грязно очень'],грязно очень,['грязно'],грязно,['Грязно'],Грязно,,Чистота двора,,,
27,"На ул. Шагова, 68",Dota Two,Прикольно выглядит,['прикольно выглядит'],прикольно выглядит,['прикольно выглядит'],прикольно выглядит,"['Прикольно выглядит', 'выглядит']","Прикольно выглядит,выглядит",,,,,
28,"На ул. Шагова, 68",Костромаспецпроект Общество с ограниченной ответственностью,"Хороший дом, подземная удобная парковка","подземная удобная парковка, хороший дом","['подземная удобная парковка', 'хороший дом']","подземная удобная парковка,хороший дом","['подземная удобная парковка', 'хороший дом']","подземная удобная парковка,хороший дом","['подземная удобная парковка', 'Хороший дом', 'дом', 'подземная', 'парковка', 'удобная']","подземная удобная парковка,Хороший дом,дом,подземная,парковка,удобная",Удобная парковка,,,
29,"На ул. Шагова, 68",Иван Волков,"Крутой дом. Подземная парковка, сарайки.","подземная парковка, крутой дом, сарайки","['подземная парковка', 'крутой дом', 'сарайки']","подземная парковка,крутой дом,сарайки","['крутой дом', 'подземная парковка', 'сарайки']","крутой дом,подземная парковка,сарайки","['Крутой дом', 'сарайки', 'дом', 'Подземная парковка', 'парковка']","Крутой дом,сарайки,дом,Подземная парковка,парковка",Удобная парковка,Рекомендую,,
30,"На ул. Шагова, 68",Сергей Раков,Очень интересный и своеобразный дом.,интересный своеобразный дом,['очень интересный'],очень интересный,"['своеобразный дом', 'интересный']","своеобразный дом,интересный","['интересный и своеобразный дом', 'дом', 'интересный', 'своеобразный']","интересный и своеобразный дом,дом,интересный,своеобразный",Рекомендую,,,
31,"На ул. Шагова, 68",Егор,Уютный и милый жилой дом с подземной парковкой в центральной части Костромы.,"уютный милый жилая дом, центральная часть костромы, подземная парковка",['уютный'],уютный,"['милый жилой дом', 'центральной части костромы', 'подземной парковкой', 'уютный']","милый жилой дом,центральной части костромы,подземной парковкой,уютный","['центральной части Костромы', 'Уютный и милый жилой', 'милый жилой дом', 'жилой дом с подземной', 'дом с подземной парковкой', 'подземной парковкой в центральной']","центральной части Костромы,Уютный и милый жилой,милый жилой дом,жилой дом с подземной,дом с подземной парковкой,подземной парковкой в центральной",Рекомендую,Удобная парковка,,
32,"На ул. Шагова, 68",Ольга С.,Супер!!!,['супер'],супер,['супер'],супер,['Супер'],Супер,,Рекомендую,,,
33,"На ул. Шагова, 68",Анфиса Чехова,Оч красивый. И квартиры супперрр!!!!,красивый квартира супперрр,['красивый'],красивый,"['оч красивый', 'квартиры супперрр']","оч красивый,квартиры супперрр","['красивый', 'квартиры супперрр']","красивый,квартиры супперрр",Рекомендую,,,
34,"На ул. Шагова, 68",Владимир Соловьев,Элитное жилье что тут скажешь!,элитное жильё,"['что тут скажешь', 'элитное']","что тут скажешь,элитное","['элитное жилье', 'скажешь']","элитное жилье,скажешь","['Элитное жилье', 'жилье что тут скажешь', 'скажешь', 'жилье']","Элитное жилье,жилье что тут скажешь,скажешь,жилье",Рекомендую,,,
35,"На ул. Шагова, 68",юлия бакунина,Красивый город,красивый город,['красивый город'],красивый город,['красивый город'],красивый город,"['Красивый город', 'город']","Красивый город,город",Рекомендую,,,
36,Новый город,Антон Моденов,"Снаружи красивый комплекс. Со стороны двора напоминает гетто. Нет места для парковки. Нижние этажи - окна смотрят в соседние окна. Детская площадка для дома маловата, а рядом ещё несколько домов дети которых идут на эту площадку. Очень много людей.","красивый комплекс стороны двора, нижние этажи окна, детская площадка дома, гетто места парковки, соседние окно, площадка людей, дома, дети","['со стороны двора напоминает гетто', 'для парковки', 'детская площадка', 'дома маловата', 'нижние этажи']","со стороны двора напоминает гетто,для парковки,детская площадка,дома маловата,нижние этажи","['стороны двора напоминает гетто', 'снаружи красивый комплекс', 'нижние этажи', 'окна смотрят', 'соседние окна', 'детская площадка', 'дома маловата', 'домов дети', 'места', 'парковки', 'идут', 'площадку', 'людей']","стороны двора напоминает гетто,снаружи красивый комплекс,нижние этажи,окна смотрят,соседние окна,детская площадка,дома маловата,домов дети,места,парковки,идут,площадку,людей","['Снаружи красивый комплекс', 'Снаружи', 'комплекс', 'красивый', 'двора напоминает гетто', 'окна']","Снаружи красивый комплекс,Снаружи,комплекс,красивый,двора напоминает гетто,окна",Удобная парковка(Минус),Детская площадка за окном(Минус),,
37,Новый город,Денис К.,"Микрорайон лучшего качества проживания, все рядом : детский сад, магазины, строится новая школа, торговый центр РИО в шаговой доступности. У каждого дома детские функциональные детские площадки, оборудованные горками, качелями и всякими развлекалками для детей, так же за домом Ермакова 3 есть мини футбольное поле. Отличное место для проживания, единственный минус -это мало парковочных мест для авто.","детские функциональные детские площадка, отличное место проживания, наихорошее качество проживания, всякие развлекалки детей, шаговая доступность, футбольное поле, торговый центр, парковочные места, оборудованные горки, новая школа, каждый дом, дом ермакова, детский сад, мини, микрорайон, магазины, качели, авто","['мало парковочных мест для авто', 'отличное место для проживания', 'дома детские функциональные детские площадки', 'есть мини футбольное поле', 'детский сад']","мало парковочных мест для авто,отличное место для проживания,дома детские функциональные детские площадки,есть мини футбольное поле,детский сад","['каждого дома детские функциональные детские площадки', 'микрорайон лучшего качества проживания', 'строится новая школа', 'торговый центр рио', 'мини футбольное поле', 'единственный минус -это', 'детский сад', 'шаговой доступности', 'оборудованные горками', 'всякими развлекалками', 'домом ермакова 3', 'отличное место', 'парковочных мест', 'проживания', 'магазины', 'качелями', 'детей', 'авто']","каждого дома детские функциональные детские площадки,микрорайон лучшего качества проживания,строится новая школа,торговый центр рио,мини футбольное поле,единственный минус -это,детский сад,шаговой доступности,оборудованные горками,всякими развлекалками,домом ермакова 3,отличное место,парковочных мест,проживания,магазины,качелями,детей,авто","['Микрорайон лучшего качества проживания', 'торговый центр РИО', 'РИО в шаговой доступности', 'центр РИО в шаговой', 'строится новая школа', 'детский сад']","Микрорайон лучшего качества проживания,торговый центр РИО,РИО в шаговой доступности,центр РИО в шаговой,строится новая школа,детский сад",Неподалеку ТЦ,Школа рядом,Детский сад рядом,
38,Новый город,Дмитрий Лазарев,"Хорошее расположение, достаточно просторные дворы. Балкон отличный. Большая лоджия как комната. Сделали столовую. Вид отличный.","отличный большая лоджия, хорошее расположение, просторные дворы, столовая, комната, вид, балкон","['большая лоджия как комната', 'балкон отличный', 'достаточно просторные дворы', 'отличный', 'хорошее расположение']","большая лоджия как комната,балкон отличный,достаточно просторные дворы,отличный,хорошее расположение","['достаточно просторные дворы', 'хорошее расположение', 'балкон отличный', 'большая лоджия', 'сделали столовую', 'вид отличный', 'комната']","достаточно просторные дворы,хорошее расположение,балкон отличный,большая лоджия,сделали столовую,вид отличный,комната","['достаточно просторные дворы', 'Хорошее расположение', 'Хорошее', 'достаточно', 'дворы', 'отличный']","достаточно просторные дворы,Хорошее расположение,Хорошее,достаточно,дворы,отличный",Расположение удобное,,,
39,Новый город,John F.,"Дома красивые, возможно качественные, не жил, не знаю)) Но с местами парковки есть проблемы. Домов многоквартирных рядом стоит много, для машин места мало, тесновато.","проблемы домов, места парковки, машины места, дом","['домов многоквартирных рядом стоит много', 'местами парковки есть проблемы', 'дома красивые', 'для машин', 'не знаю']","домов многоквартирных рядом стоит много,местами парковки есть проблемы,дома красивые,для машин,не знаю","['дома красивые', 'возможно качественные', 'местами парковки', 'домов многоквартирных', 'машин места', 'жил', 'знаю', 'проблемы', 'стоит', 'тесновато']","дома красивые,возможно качественные,местами парковки,домов многоквартирных,машин места,жил,знаю,проблемы,стоит,тесновато","['местами парковки есть проблемы', 'Дома красивые', 'возможно качественные', 'Домов многоквартирных рядом стоит', 'Дома', 'возможно']","местами парковки есть проблемы,Дома красивые,возможно качественные,Домов многоквартирных рядом стоит,Дома,возможно",Удобная парковка(Минус),,,
40,Новый город,Савелий Чурляев,"Отличный район. Рядом детский сад, магазины, сервисы обслуживания. Удобно, рядом с мостом  . Хорошее состояние домов. Рядом строится новая школа. Всë отлично","хорошее состояние домов, сервисы обслуживания, отличный район, новая школа, детский сад, мост, магазины","['хорошее состояние домов', 'рядом детский сад', 'рядом строится новая школа', 'сервисы обслуживания', 'отличный район']","хорошее состояние домов,рядом детский сад,рядом строится новая школа,сервисы обслуживания,отличный район","['хорошее состояние домов', 'строится новая школа', 'отличный район', 'детский сад', 'сервисы обслуживания', 'всë отлично', 'магазины', 'удобно', 'мостом']","хорошее состояние домов,строится новая школа,отличный район,детский сад,сервисы обслуживания,всë отлично,магазины,удобно,мостом","['Отличный район', 'Хорошее состояние домов', 'сервисы обслуживания', 'район', 'детский сад', 'магазины']","Отличный район,Хорошее состояние домов,сервисы обслуживания,район,детский сад,магазины",Детский сад,Рекомендую,Наличие магазинов рядом,
41,Новый город,Елена,"Все так пугают заволгой, думала, что долго буду после Давыдовского привыкать к этому району. Зря переживала. Садик в 5 минутах, школу достраивают, РИО рядом, пятёрки, магнит, озон, аптеки, парк рядом. Все нравится!","озон аптеки, школа, садик, район, пятёрки, парк, минуты, магнит, заволга","['что долго буду после давыдовского', 'этому району', 'рио рядом', 'парк рядом', 'озон']","что долго буду после давыдовского,этому району,рио рядом,парк рядом,озон","['пугают заволгой', 'давыдовского привыкать', 'зря переживала', 'школу достраивают', 'думала', 'району', 'садик', '5 минутах', 'рио', 'пятёрки', 'магнит', 'озон', 'аптеки', 'парк', 'нравится']","пугают заволгой,давыдовского привыкать,зря переживала,школу достраивают,думала,району,садик,5 минутах,рио,пятёрки,магнит,озон,аптеки,парк,нравится","['Давыдовского привыкать', 'пугают заволгой', 'привыкать к этому району', 'думала', 'району', 'Зря переживала']","Давыдовского привыкать,пугают заволгой,привыкать к этому району,думала,району,Зря переживала",Детский сад,Школа рядом,Наличие магазинов рядом,Рекомендую
42,Новый город,Victoria,"Просторные квартиры, удобное расположен к. Но есть огромный минус - очень сильная слышимость в квартире","сильная слышимость, просторные квартира, квартира","['но есть огромный минус', 'просторные квартиры', 'удобное расположен']","но есть огромный минус,просторные квартиры,удобное расположен","['просторные квартиры', 'удобное расположен', 'огромный минус', 'сильная слышимость', 'квартире']","просторные квартиры,удобное расположен,огромный минус,сильная слышимость,квартире","['Просторные квартиры', 'удобное расположен', 'квартиры', 'удобное', 'огромный минус', 'слышимость в квартире']","Просторные квартиры,удобное расположен,квартиры,удобное,огромный минус,слышимость в квартире",Расположение удобное,Высокая слышимость,,
43,Новый город,Игорь Медведев,"Живу рядом с этим местом. Гуляю часто. И всё-то мне нравится: и огромная парковка, и двор с площадками, и магазины внутри. И местоположение. Вообщем, Заволга рулит!","огромная парковка, вообщий заволга, площадки, местоположение, место, магазины, двор","['гуляю часто', 'заволга рулит', 'вообщем']","гуляю часто,заволга рулит,вообщем","['огромная парковка', 'магазины внутри', 'заволга рулит', 'живу', 'местом', 'гуляю', 'всё-то', 'нравится', 'двор', 'площадками', 'местоположение', 'вообщем']","огромная парковка,магазины внутри,заволга рулит,живу,местом,гуляю,всё-то,нравится,двор,площадками,местоположение,вообщем","['Живу', 'местом', 'Заволга рулит', 'всё-то мне нравится', 'огромная парковка', 'двор с площадками']","Живу,местом,Заволга рулит,всё-то мне нравится,огромная парковка,двор с площадками",Наличие магазинов рядом,Удобная парковка,,
44,Новый город,dobroded1962 Серёга.,"Удобное местоположение все магазины в шаговой доступности. Есть дат. сад, скоро дудет школа, в перспективе по генплан в строящемся доме детская поликлиника. Единственная неприятность куча строительного мусора ул Даремская.","шаговая доступность дат, удобное местоположение, строящийся дом, строительное мусор, единственная неприятность, детская поликлиника, школа, ул, сад, перспектива, магазины, куча, генплан","['мусора ул даремская', 'единственная неприятность куча', 'дудет школа', 'скоро']","мусора ул даремская,единственная неприятность куча,дудет школа,скоро","['единственная неприятность куча строительного мусора ул даремская', 'строящемся доме детская поликлиника', 'скоро дудет школа', 'удобное местоположение', 'шаговой доступности', 'магазины', 'дат', 'сад', 'перспективе', 'генплан']","единственная неприятность куча строительного мусора ул даремская,строящемся доме детская поликлиника,скоро дудет школа,удобное местоположение,шаговой доступности,магазины,дат,сад,перспективе,генплан","['Удобное местоположение все магазины', 'магазины в шаговой доступности', 'Удобное', 'доступности', 'скоро дудет школа', 'строящемся доме детская поликлиника']","Удобное местоположение все магазины,магазины в шаговой доступности,Удобное,доступности,скоро дудет школа,строящемся доме детская поликлиника",Расположение удобное,Наличие магазинов рядом,,
45,Новый город,Елена Па,"Мы переехали 4 года назад. Думала буду долго привыкать. Но к хорошему, говорят, быстро привыкаешь.  И это точно! Все новое и красивое: магазины, ТЦ, дороги. И всё рядом. Но больше всего радует, что рядом красавица Волга.","новое красивое магазины, красавица, дорога, год, волга","['но больше всего радует', 'все новое', 'что рядом', 'думала буду долго привыкать', 'года назад']","но больше всего радует,все новое,что рядом,думала буду долго привыкать,года назад","['быстро привыкаешь', 'красавица волга', 'переехали 4', 'думала', 'привыкать', 'хорошему', 'говорят', 'точно', 'новое', 'красивое', 'магазины', 'дороги', 'радует']","быстро привыкаешь,красавица волга,переехали 4,думала,привыкать,хорошему,говорят,точно,новое,красивое,магазины,дороги,радует","['переехали', 'Думала буду долго привыкать', 'быстро привыкаешь', 'говорят', 'красавица Волга', 'Думала']","переехали,Думала буду долго привыкать,быстро привыкаешь,говорят,красавица Волга,Думала",Неподалёку ТЦ,Наличие магазинов рядом,Обустроенные дороги,
46,Новый город,Сергей Папижук,"Все рядом, и река Волга, и трц Рио, а так же супкрмаркет","супкрмаркет, река, волга","['река волга', 'все рядом']","река волга,все рядом","['река волга', 'трц рио', 'супкрмаркет']","река волга,трц рио,супкрмаркет","['река Волга', 'трц Рио', 'Рио', 'супкрмаркет', 'река', 'трц']","река Волга,трц Рио,Рио,супкрмаркет,река,трц",Неподалёку ТЦ,Наличие магазинов рядом,,
47,Новый город,Валентина,"Снимала квартиру. Квартира светлая и тёплая, 3 этаж, окна во двор. Газовое отопление, можно регулировать температуру. На первом этаже магазин пятёрочка. Огромный минус в том, что в соседних квартирах постоянно ремонт. Двор чистый, парковочные места есть, но с заселением жильцов их всё меньше и меньше. В целом обычная новостройка,","квартира, двор, светлая тёплая этаж окна, чистый парковочные место, соседние квартиры, первый этаж, обычная новостройка, заселение жильцов, газовое отопление, целое, температура, ремонт, пятёрочка, магазин","['первом этаже магазин пятёрочка', 'парковочные места есть', 'газовое отопление', 'двор чистый', 'постоянно ремонт']","первом этаже магазин пятёрочка,парковочные места есть,газовое отопление,двор чистый,постоянно ремонт","['первом этаже магазин пятёрочка', 'соседних квартирах постоянно ремонт', 'целом обычная новостройка', 'снимала квартиру', 'квартира светлая', 'газовое отопление', 'регулировать температуру', 'огромный минус', 'парковочные места', 'заселением жильцов', 'двор чистый', 'двор', 'тёплая', '3 этаж', 'окна']","первом этаже магазин пятёрочка,соседних квартирах постоянно ремонт,целом обычная новостройка,снимала квартиру,квартира светлая,газовое отопление,регулировать температуру,огромный минус,парковочные места,заселением жильцов,двор чистый,двор,тёплая,3 этаж,окна","['Снимала квартиру', 'Квартира светлая и тёплая', 'Снимала', 'этаж', 'Газовое отопление', 'двор']","Снимала квартиру,Квартира светлая и тёплая,Снимала,этаж,Газовое отопление,двор",Газовое отопление,Удобная парковка,Чистота двора,
48,Новый город,Lolik,очень красивые дома и хорошие и добрые,красивые дом,[],"['красивые дома', 'хорошие', 'добрые']","красивые дома,хорошие,добрые","['красивые дома и хорошие', 'хорошие и добрые', 'добрые', 'красивые', 'дома', 'хорошие']","красивые дома и хорошие,хорошие и добрые,добрые,красивые,дома,хорошие",,Рекомендую,,,
49,Новый город,эдуард вишняков,Новый город это лучшее место для проживания.,"наихорошее место проживания, новый город",['новый город это лучшее место для проживания'],новый город это лучшее место для проживания,"['новый город', 'лучшее место', 'проживания']","новый город,лучшее место,проживания","['Новый город это лучшее', 'лучшее место для проживания', 'лучшее место', 'Новый', 'проживания', 'город']","Новый город это лучшее,лучшее место для проживания,лучшее место,Новый,проживания,город",Рекомендую,,,
50,Новый город,Кирилл Левченко,Снимаем офис в этом здании. Стены целые. Ничего не течёт. Тепло. На данный момент все хорошо. Притензию почти нет. Только регуляторы на батареях очень хандрят.,"здание стены, регуляторы, притензия, офис, момент, батареи","['только регуляторы на батареях очень хандрят', 'на данный момент все хорошо', 'ничего не течёт', 'притензию', 'стены целые']","только регуляторы на батареях очень хандрят,на данный момент все хорошо,ничего не течёт,притензию,стены целые","['снимаем офис', 'стены целые', 'данный момент', 'здании', 'течёт', 'тепло', 'притензию', 'регуляторы', 'батареях', 'хандрят']","снимаем офис,стены целые,данный момент,здании,течёт,тепло,притензию,регуляторы,батареях,хандрят","['Снимаем офис', 'офис в этом здании', 'здании', 'Стены целые', 'офис', 'Тепло']","Снимаем офис,офис в этом здании,здании,Стены целые,офис,Тепло",Отопление,,,
51,Новый город,Андрей Викторович Филатов,"Всё не плохо. Плохо только одно. Власти и застройщики плюют на Человека, на всех. Была роща.... Продолжают уничтожать, вместо очистить её и сделать для людей. Мест море в Костроме и России. Ну прилипалам надо в Москве а и здесь обязательно вырубать рожи и сельхоз-земли. Не хотят тратиться на коммуникации... При этом дорожный Колапс уже практически есть....","сельхоз земли, люди мест, кострома россии, дорожный колапс, человек, роща, рожи, прилипалы, москва, море, коммуникация, застройщики, власть","['сделать для людей', 'при этом дорожный колапс', 'вместо очистить', 'всё не плохо', 'плохо только одно']","сделать для людей,при этом дорожный колапс,вместо очистить,всё не плохо,плохо только одно","['обязательно вырубать рожи', 'застройщики плюют', 'продолжают уничтожать', 'вместо очистить', 'мест море', 'хотят тратиться', 'дорожный колапс', 'плохо', 'одно', 'власти', 'человека', 'роща', 'сделать', 'людей', 'костроме', 'россии', 'прилипалам', 'москве', 'сельхоз-земли', 'коммуникации', 'практически']","обязательно вырубать рожи,застройщики плюют,продолжают уничтожать,вместо очистить,мест море,хотят тратиться,дорожный колапс,плохо,одно,власти,человека,роща,сделать,людей,костроме,россии,прилипалам,москве,сельхоз-земли,коммуникации,практически","['застройщики плюют на Человека', 'плохо', 'Костроме и России', 'Власти и застройщики плюют', 'Плохо только одно', 'Человека']","застройщики плюют на Человека,плохо,Костроме и России,Власти и застройщики плюют,Плохо только одно,Человека",Рекомендую(Минус),,,
52,Новый город,Серега,Пожалуй самый лучший микрорайон в городе. Чисто уютно. Нет проблем с парковками. Все в шаговой доступности. Отличные дома.,"шаговая доступность, отличные дом, наихороший микрорайон, проблемы, парковки, город","['отличные дома', 'чисто уютно']","отличные дома,чисто уютно","['пожалуй самый лучший микрорайон', 'чисто уютно', 'шаговой доступности', 'отличные дома', 'городе', 'проблем', 'парковками']","пожалуй самый лучший микрорайон,чисто уютно,шаговой доступности,отличные дома,городе,проблем,парковками","['Пожалуй самый лучший микрорайон', 'лучший микрорайон в городе', 'Пожалуй самый', 'самый лучший', 'городе', 'Чисто уютно']","Пожалуй самый лучший микрорайон,лучший микрорайон в городе,Пожалуй самый,самый лучший,городе,Чисто уютно",Рекомендую,Инфраструктура в шаговой доступности,,
53,Новый город,Дмитрий С,Самый лучший и уютный район города!!!!! В восторге от проживания!!!!,"наихороший уютный район города, восторг проживания",['от проживания'],от проживания,"['уютный район города', 'самый лучший', 'восторге', 'проживания']","уютный район города,самый лучший,восторге,проживания","['Самый лучший и уютный', 'уютный район города', 'лучший и уютный район', 'Самый', 'города', 'лучший']","Самый лучший и уютный,уютный район города,лучший и уютный район,Самый,города,лучший",Рекомендую,,,
54,Новый город,Виктор Глыбин,Хорошие квартиры! Детские площадки во дворе.,"хорошие квартира, детские площадка, двор","['детские площадки', 'дворе', 'хорошие']","детские площадки,дворе,хорошие","['хорошие квартиры', 'детские площадки', 'дворе']","хорошие квартиры,детские площадки,дворе","['Хорошие квартиры', 'Хорошие', 'Детские площадки во дворе', 'Детские', 'дворе', 'площадки']","Хорошие квартиры,Хорошие,Детские площадки во дворе,Детские,дворе,площадки",Детская площадка за окном,Рекомендую,,
55,Новый город,Иван Улегин,Лучший микрорайон,наихороший микрорайон,['лучший микрорайон'],лучший микрорайон,['лучший микрорайон'],лучший микрорайон,"['Лучший микрорайон', 'Лучший']","Лучший микрорайон,Лучший",Рекомендую,,,
56,Новый город,Лариса Королева,Красиво,['красиво'],красиво,['красиво'],красиво,['Красиво'],Красиво,,Рекомендую,,,
57,Новый город,Алексей Тищенко,Лучший жк!,['лучший'],лучший,['лучший жк'],лучший жк,['Лучший'],Лучший,,Рекомендую,,,
58,Новый город,Леза Дезза,Максимально хорошее место,хорошее место,['максимально хорошее место'],максимально хорошее место,['максимально хорошее место'],максимально хорошее место,"['Максимально хорошее место', 'Максимально', 'место', 'хорошее']","Максимально хорошее место,Максимально,место,хорошее",Рекомендую,,,
59,Новый город,алексей шумов,"Хороший район! Строится еще правда! Не все детские площадки оборудованы, но будет очень красиво и удобно!","хороший район, детские площадка","['не все детские площадки оборудованы', 'строится еще правда', 'хороший район', 'но']","не все детские площадки оборудованы,строится еще правда,хороший район,но","['детские площадки оборудованы', 'хороший район', 'строится', 'правда', 'красиво', 'удобно']","детские площадки оборудованы,хороший район,строится,правда,красиво,удобно","['Хороший район', 'район', 'Строится еще правда', 'Строится', 'правда', 'оборудованы']","Хороший район,район,Строится еще правда,Строится,правда,оборудованы",Детская площадка за окном,,,
60,Новый город,Тараканище,"Нет школы, детям приходится ходить в школы пересекая оживленные трассы.","школа, оживлённые трасса, дети","['нет школы', 'оживленные трассы']","нет школы,оживленные трассы","['школы пересекая оживленные трассы', 'детям приходится ходить', 'школы']","школы пересекая оживленные трассы,детям приходится ходить,школы","['школы пересекая оживленные трассы', 'детям приходится ходить', 'приходится ходить в школы', 'ходить в школы пересекая', 'детям', 'трассы']","школы пересекая оживленные трассы,детям приходится ходить,приходится ходить в школы,ходить в школы пересекая,детям,трассы",Школа рядом(минус),,,
61,Новый город,Елена Ремезова,Очень уютный Новый микрорайон.,уютный новый микрорайон,['очень уютный новый микрорайон'],очень уютный новый микрорайон,['уютный новый микрорайон'],уютный новый микрорайон,"['уютный Новый микрорайон', 'Новый', 'микрорайон', 'уютный']","уютный Новый микрорайон,Новый,микрорайон,уютный",Рекомендую,,,
62,Новый город,MamKatya,"Считаю удобным расположение микрорайона,дополненного новым детским садиком !","дополненный новые детский садик, удобный расположение микрорайона","['считаю удобным расположение микрорайона', 'дополненного новым детским садиком']","считаю удобным расположение микрорайона,дополненного новым детским садиком","['считаю удобным расположение микрорайона', 'дополненного новым детским садиком']","считаю удобным расположение микрорайона,дополненного новым детским садиком","['Считаю удобным расположение микрорайона,дополненного', 'микрорайона,дополненного новым детским садиком', 'Считаю удобным', 'детским садиком', 'удобным расположение', 'новым детским']","Считаю удобным расположение микрорайона,дополненного,микрорайона,дополненного новым детским садиком,Считаю удобным,детским садиком,удобным расположение,новым детским",Расположение удобное,Детский сад,,
63,Новый город,Василий,Настоящий муравейник,муравейник,['настоящий'],настоящий,['настоящий муравейник'],настоящий муравейник,"['Настоящий муравейник', 'Настоящий']","Настоящий муравейник,Настоящий",DELETED,DELETED,DELETED,DELETED
64,Новый город,Лекс,нравится что все рядом и очень чисто.и очень удобное местоположение.,удобное местоположение,"['рядом', 'чисто', 'очень', 'все', 'что']","рядом,чисто,очень,все,что","['удобное местоположение', 'нравится', 'чисто']","удобное местоположение,нравится,чисто","['чисто.и очень удобное местоположение', 'нравится', 'местоположение', 'чисто.и', 'удобное']","чисто.и очень удобное местоположение,нравится,местоположение,чисто.и,удобное",Расположение удобное,,,
65,Новый город,Сергей Алексеев,Спокойной новый район,спокойная новый район,['спокойной новый район'],спокойной новый район,['спокойной новый район'],спокойной новый район,"['Спокойной новый район', 'Спокойной', 'район', 'новый']","Спокойной новый район,Спокойной,район,новый",Рекомендую,,,
66,Новый город,Юрий Яблоков,Я работал по отделки дома хорошие квартиры и красивый вид на волгу😀,"хорошие квартира, отделка дома, красивый вид, волга",['отделки'],отделки,"['отделки дома хорошие квартиры', 'красивый вид', 'работал', 'волгу😀']","отделки дома хорошие квартиры,красивый вид,работал,волгу😀","['отделки дома хорошие квартиры', 'красивый вид на волгу', 'работал по отделки дома', 'хорошие квартиры и красивый', 'дома хорошие', 'волгу']","отделки дома хорошие квартиры,красивый вид на волгу,работал по отделки дома,хорошие квартиры и красивый,дома хорошие,волгу",Расположение удобное,Рекомендую,,
67,Новый город,Alexandr,Типичный район в типичном городе,"типичный район, типичный город",[],"['типичный район', 'типичном городе']","типичный район,типичном городе","['Типичный район в типичном', 'район в типичном городе', 'Типичный', 'городе', 'район']","Типичный район в типичном,район в типичном городе,Типичный,городе,район",,DELETED,DELETED,DELETED,DELETED
68,Новый город,Виктория,Хороший жилой комплекс!,хороший жилая комплекс,['хороший жилой комплекс'],хороший жилой комплекс,['хороший жилой комплекс'],хороший жилой комплекс,"['Хороший жилой комплекс', 'Хороший', 'комплекс', 'жилой']","Хороший жилой комплекс,Хороший,комплекс,жилой",Рекомендую,,,
69,Новый город,Алексей Драгайцев,"Квартиры хорошие, минус-плохая водопроводная вода","плохая водопроводная вода, квартира","['плохая водопроводная вода', 'квартиры хорошие', 'минус']","плохая водопроводная вода,квартиры хорошие,минус","['минус-плохая водопроводная вода', 'квартиры хорошие']","минус-плохая водопроводная вода,квартиры хорошие","['минус-плохая водопроводная вода', 'Квартиры хорошие', 'хорошие', 'минус-плохая', 'вода', 'водопроводная']","минус-плохая водопроводная вода,Квартиры хорошие,хорошие,минус-плохая,вода,водопроводная",Отсутствие запаха(Минус),,,
70,Новый город,Дмитрий Евсеев,"Муравейник, АОГВ бред, лучше придомовая котельная","придомовая котельная, муравейник, бред","['лучше придомовая котельная', 'аогв бред', 'муравейник']","лучше придомовая котельная,аогв бред,муравейник","['аогв бред', 'придомовая котельная', 'муравейник']","аогв бред,придомовая котельная,муравейник","['АОГВ бред', 'Муравейник', 'придомовая котельная', 'АОГВ', 'бред', 'котельная']","АОГВ бред,Муравейник,придомовая котельная,АОГВ,бред,котельная",Отопление(Минус),,,
71,Новый город,Игорь Сергеев,"Автономное отопление, чистые подъезды","чистые подъезды, автономное отопление","['чистые подъезды', 'автономное отопление']","чистые подъезды,автономное отопление","['автономное отопление', 'чистые подъезды']","автономное отопление,чистые подъезды","['Автономное отопление', 'чистые подъезды', 'отопление', 'чистые']","Автономное отопление,чистые подъезды,отопление,чистые",Чистота двора,Отопление,,
72,Новый город,Максим Д.,Чисто и культурно.,['чисто'],чисто,"['чисто', 'культурно']","чисто,культурно","['Чисто и культурно', 'Чисто']","Чисто и культурно,Чисто",,Чистота двора,,,
73,Новый город,Андрей У.,Красивый дом,красивый дом,['красивый дом'],красивый дом,['красивый дом'],красивый дом,"['Красивый дом', 'дом']","Красивый дом,дом",Рекомендую,,,
74,Новый город,Евгений Лешкин,Очень хорошее место,хорошее место,['очень хорошее место'],очень хорошее место,['хорошее место'],хорошее место,"['хорошее место', 'место']","хорошее место,место",Расположение удобное,Рекомендую,,
75,Новый город,Аркадий С.,Купили тут квартиру. Ждём когда сдадут. Дом хороший,"квартира, дом","['купили тут квартиру', 'ждём', 'дом хороший']","купили тут квартиру,ждём,дом хороший","['дом хороший', 'купили', 'квартиру', 'ждём', 'сдадут']","дом хороший,купили,квартиру,ждём,сдадут","['Купили тут квартиру', 'Купили', 'квартиру', 'Ждём когда сдадут', 'Ждём', 'сдадут']","Купили тут квартиру,Купили,квартиру,Ждём когда сдадут,Ждём,сдадут",Рекомендую,,,
76,Новый город,Nic1953,Большой выбор жилья.,большая выбор жилья,['большой выбор жилья'],большой выбор жилья,['большой выбор жилья'],большой выбор жилья,"['Большой выбор жилья', 'Большой', 'жилья', 'выбор']","Большой выбор жилья,Большой,жилья,выбор",Рекомендую,,,
77,Новый город,Марти Макфлай,Отличный район,отличный район,['отличный район'],отличный район,['отличный район'],отличный район,"['Отличный район', 'район']","Отличный район,район",Рекомендую,,,
78,"На ул. Костромской, 100",Жидков  Слава,"Прекрасное расположение . Отлично развита инфраструктура. Разнообразие магазинов , ПВЗ , школа , садики , поликлиника . Много зелени , хорошие чистые дворы","хорошие чистые дворы, разнообразие магазинов, прекрасное расположение, поликлиника зелени, школа, садики, инфраструктура","['разнообразие магазинов', 'отлично развита инфраструктура', 'прекрасное расположение', 'хорошие чистые', 'поликлиника']","разнообразие магазинов,отлично развита инфраструктура,прекрасное расположение,хорошие чистые,поликлиника","['отлично развита инфраструктура', 'хорошие чистые дворы', 'прекрасное расположение', 'разнообразие магазинов', 'пвз', 'школа', 'садики', 'поликлиника', 'зелени']","отлично развита инфраструктура,хорошие чистые дворы,прекрасное расположение,разнообразие магазинов,пвз,школа,садики,поликлиника,зелени","['Отлично развита инфраструктура', 'Прекрасное расположение', 'Отлично', 'ПВЗ', 'школа', 'садики']","Отлично развита инфраструктура,Прекрасное расположение,Отлично,ПВЗ,школа,садики",Инфраструктура в шаговой доступности,Расположение удобное,Чистота двора,
79,"На ул. Костромской, 100",Дмитрий,"Отличное месторасположения, рядом остановка общественного транспорта, в шаговой доступности есть Десяточку, Магнит, Бристоль.","шаговая доступность, отличное месторасположение, общественное транспорт, остановка, магнит, десяточка, бристоль","['бристоль', 'отличное месторасположения', 'есть десяточку', 'рядом остановка', 'магнит']","бристоль,отличное месторасположения,есть десяточку,рядом остановка,магнит","['остановка общественного транспорта', 'отличное месторасположения', 'шаговой доступности', 'десяточку', 'магнит', 'бристоль']","остановка общественного транспорта,отличное месторасположения,шаговой доступности,десяточку,магнит,бристоль","['шаговой доступности есть Десяточку', 'остановка общественного транспорта', 'Отличное месторасположения', 'Магнит', 'Бристоль', 'Десяточку']","шаговой доступности есть Десяточку,остановка общественного транспорта,Отличное месторасположения,Магнит,Бристоль,Десяточку",Расположение удобное,Инфраструктура в шаговой доступности,,
80,"На ул. Костромской, 100",Андрей,"Самая отвратительная новостройка что я видел.
Даже проходить мимо неприятно. Все сыпится, рушится и разваливается. Нетская площадка кашмарная. Такое ощущение что все делалось не руками.","отвратительная новостройка, кашмарная ощущение, руки, площадка, нетскай","['такое ощущение что все делалось не руками', 'проходить мимо неприятно', 'нетская площадка', 'все сыпится', 'даже']","такое ощущение что все делалось не руками,проходить мимо неприятно,нетская площадка,все сыпится,даже","['самая отвратительная новостройка', 'нетская площадка кашмарная', 'видел', 'проходить', 'неприятно', 'сыпится', 'рушится', 'разваливается', 'ощущение', 'делалось', 'руками']","самая отвратительная новостройка,нетская площадка кашмарная,видел,проходить,неприятно,сыпится,рушится,разваливается,ощущение,делалось,руками","['Самая отвратительная новостройка', 'новостройка что я видел', 'Самая', 'видел', 'отвратительная', 'проходить мимо неприятно']","Самая отвратительная новостройка,новостройка что я видел,Самая,видел,отвратительная,проходить мимо неприятно",Рекомендую(Минус),,,
81,"На ул. Костромской, 100",Aндрей,Новый дом! Люди обживаются!,"новый дом, люди","['новый дом', 'обживаются']","новый дом,обживаются","['новый дом', 'обживаются']","новый дом,обживаются","['Новый дом', 'дом', 'обживаются']","Новый дом,дом,обживаются",Рекомендую,,,
82,"На ул. Костромской, 100",Катерина Соколова,"Строится уже много лет, ни как не могут сдать в эксплуатацию","эксплуатация, годы","['строится уже много лет', 'не', 'ни']","строится уже много лет,не,ни","['строится', 'сдать', 'эксплуатацию']","строится,сдать,эксплуатацию","['сдать в эксплуатацию', 'Строится', 'сдать']","сдать в эксплуатацию,Строится,сдать",DELETED,DELETED,DELETED,DELETED
83,"На ул. Костромской, 100",Вячеслав Кузнецов,"Не плохой ЖК, кстати, скоро сдаётся в эксплуатацию",эксплуатация,"['плохой жк', 'кстати', 'не']","плохой жк,кстати,не","['плохой жк', 'скоро сдаётся', 'кстати', 'эксплуатацию']","плохой жк,скоро сдаётся,кстати,эксплуатацию","['скоро сдаётся в эксплуатацию', 'кстати', 'скоро', 'эксплуатацию', 'плохой', 'сдаётся']","скоро сдаётся в эксплуатацию,кстати,скоро,эксплуатацию,плохой,сдаётся",Рекомендую,,,
84,"На ул. Костромской, 100",Виктория Огаркова,"Чистый воздух, хорошее расположение.","чистый воздух, хорошее расположение","['хорошее расположение', 'чистый']","хорошее расположение,чистый","['чистый воздух', 'хорошее расположение']","чистый воздух,хорошее расположение","['Чистый воздух', 'хорошее расположение', 'хорошее']","Чистый воздух,хорошее расположение,хорошее",Расположение удобное,,,
85,"На ул. Костромской, 100",Людмила,"Дом красивый, планировка отстает","красивый планировка, дом","['планировка отстает', 'дом красивый']","планировка отстает,дом красивый","['дом красивый', 'планировка отстает']","дом красивый,планировка отстает","['Дом красивый', 'планировка отстает', 'Дом', 'отстает']","Дом красивый,планировка отстает,Дом,отстает",Рекомендую,,,
86,"На ул. Костромской, 100",Николай Чернышов,Не обжит ещё ничего в нём пока нет,['не'],не,"['обжит', 'нём']","обжит,нём","['обжит', 'нём']","обжит,нём",,Инфраструктура в шаговой доступности(Минус),,,
87,"На ул. Костромской, 100",Eugene V.,Культура строительства 'прёт через край' :-(,"культура строительства, край","['культура строительства', 'край']","культура строительства,край","[""культура строительства 'прёт"", ""край'""]","культура строительства 'прёт,край'","['Культура строительства', 'прёт через край', 'Культура', 'прёт', 'край']","Культура строительства,прёт через край,Культура,прёт,край",DELETED,DELETED,DELETED,DELETED
88,"На ул. Костромской, 100",Владимир,Всё норм,нормы,['всё норм'],всё норм,['норм'],норм,['норм'],норм,Рекомендую,,,
89,Волжский Берег,Галя,"Красивая живописная природа, вокруг сказочной красоты 
леса, чистый воздух. Птицы разных видов   наполняют своим пением пространство.","сказочная красота леса, красивая живописная природа, чистый воздух, разные виды, птицы, пространство, пение","['вокруг сказочной красоты', 'чистый воздух', 'пением пространство', 'птицы разных', 'леса']","вокруг сказочной красоты,чистый воздух,пением пространство,птицы разных,леса","['птицы разных видов наполняют своим пением пространство', 'красивая живописная природа', 'сказочной красоты леса', 'чистый воздух']","птицы разных видов наполняют своим пением пространство,красивая живописная природа,сказочной красоты леса,чистый воздух","['Красивая живописная природа', 'сказочной красоты леса', 'чистый воздух', 'Красивая', 'природа', 'леса']","Красивая живописная природа,сказочной красоты леса,чистый воздух,Красивая,природа,леса",Расположение удобное,Рекомендую,,
90,Волжский Берег,Татьяна Татьянова,"Один недостаток, который перекрывает любые плюсы - отсутствие инфраструктуры. Магазины, школы, детские сады и остановки общественного транспорта далеко. В целом квартиры не плохие. Просторные. В каждом подъезде по два лифта.","плохие просторные каждый подъезд, детские сады остановки, целое квартиры, отсутствие инфраструктуры, общественное транспорт, магазины школы, любые плюсы, два лифта, недостаток","['отсутствие инфраструктуры', 'по два лифта', 'транспорта далеко', 'один недостаток', 'который перекрывает любые плюсы']","отсутствие инфраструктуры,по два лифта,транспорта далеко,один недостаток,который перекрывает любые плюсы","['перекрывает любые плюсы', 'остановки общественного транспорта', 'отсутствие инфраструктуры', 'детские сады', 'целом квартиры', 'каждом подъезде', 'недостаток', 'магазины', 'школы', 'плохие', 'просторные', 'лифта']","перекрывает любые плюсы,остановки общественного транспорта,отсутствие инфраструктуры,детские сады,целом квартиры,каждом подъезде,недостаток,магазины,школы,плохие,просторные,лифта","['перекрывает любые плюсы', 'отсутствие инфраструктуры', 'недостаток', 'плюсы', 'отсутствие', 'детские сады и остановки']","перекрывает любые плюсы,отсутствие инфраструктуры,недостаток,плюсы,отсутствие,детские сады и остановки",Наличие магазинов рядом(Минус),Наличие магазинов рядом(Минус),,
91,Волжский Берег,Лариса Каурова,"Всё совсем не так, как на картинке. Пока только два дома построено. Проживаю в одном из них. Проезд к дому весь в ямах. Два года, как сдан дом,но ничего не делается","дом, два дома, два года, ямы, проезд, картинка","['пока только два дома', 'но ничего не делается', 'на картинке', 'не так', 'как']","пока только два дома,но ничего не делается,на картинке,не так,как","['дома построено', 'сдан дом', 'картинке', 'проживаю', 'одном', 'проезд', 'дому', 'ямах', 'делается']","дома построено,сдан дом,картинке,проживаю,одном,проезд,дому,ямах,делается","['картинке', 'дома построено', 'Проживаю в одном', 'дома', 'Проезд', 'ямах']","картинке,дома построено,Проживаю в одном,дома,Проезд,ямах",Обустроенные дороги(Минус),,,
92,Волжский Берег,В.В.В.,"Дорога к дому это жесть!!! Слышимость в квартире и запахи , если не запенить дыры в полу и потолке. Три двери в подъезде….. непонятно для чего! А так нормально для небольших денег. Магазины в пешей доступности. До центра Костромы на машине 15 мин. Беспризорные дети бегают по двору и бесконечно лает собака.","пешая доступность центра костромы, три двери, небольшие деньги, машина мин, беспризорные дети, собака, слышимость, потолок, пол, подъезд, магазины, квартира, запахи, жесть, дыра, дорога, дом, двор","['до центра костромы на машине', 'дому это жесть', 'бесконечно лает собака', 'беспризорные дети', 'потолке']","до центра костромы на машине,дому это жесть,бесконечно лает собака,беспризорные дети,потолке","['беспризорные дети бегают', 'бесконечно лает собака', 'запенить дыры', 'небольших денег', 'пешей доступности', 'центра костромы', 'машине 15 мин', 'дорога', 'дому', 'жесть', 'слышимость', 'квартире', 'запахи', 'полу', 'потолке', 'двери', 'подъезде', 'непонятно', 'нормально', 'магазины', 'двору']","беспризорные дети бегают,бесконечно лает собака,запенить дыры,небольших денег,пешей доступности,центра костромы,машине 15 мин,дорога,дому,жесть,слышимость,квартире,запахи,полу,потолке,двери,подъезде,непонятно,нормально,магазины,двору","['Дорога к дому', 'дому это жесть', 'запенить дыры в полу', 'жесть', 'Слышимость в квартире', 'квартире и запахи']","Дорога к дому,дому это жесть,запенить дыры в полу,жесть,Слышимость в квартире,квартире и запахи",Высокая слышимость,Обустроенные дороги(Минус),,
93,Волжский Берег,Лариса игнатова,Не достроенный район но будет наверно клёво место хорошее рядом лес,"хорошее лес, достроенный район, место","['не достроенный район но', 'место хорошее рядом лес', 'будет наверно']","не достроенный район но,место хорошее рядом лес,будет наверно","['наверно клёво место хорошее', 'достроенный район', 'лес']","наверно клёво место хорошее,достроенный район,лес","['наверно клёво место хорошее', 'место хорошее рядом лес', 'достроенный район', 'район но будет наверно', 'клёво место', 'лес']","наверно клёво место хорошее,место хорошее рядом лес,достроенный район,район но будет наверно,клёво место,лес",Расположение удобное,Рекомендую,,
94,Волжский Берег,Евген Г.,Лучшее место для жизни!,наихорошее место жизни,['лучшее место для жизни'],лучшее место для жизни,"['лучшее место', 'жизни']","лучшее место,жизни","['Лучшее место для жизни', 'Лучшее', 'жизни', 'место']","Лучшее место для жизни,Лучшее,жизни,место",Рекомендую,,,
95,Волжский Берег,oleg novosilcev,Грязно магазинов нет такси не вызвать доставка не едет,"такси, магазины, доставка","['магазинов нет такси не вызвать', 'не едет']","магазинов нет такси не вызвать,не едет","['грязно магазинов', 'вызвать доставка', 'такси', 'едет']","грязно магазинов,вызвать доставка,такси,едет","['Грязно магазинов нет такси', 'вызвать доставка не едет', 'такси не вызвать доставка', 'Грязно', 'едет', 'магазинов']","Грязно магазинов нет такси,вызвать доставка не едет,такси не вызвать доставка,Грязно,едет,магазинов",Наличие магазинов рядом(Минус),Чистота двора(Минус),,
96,Волжский Берег,Андрей У.,"Надо бы наоборот названиями их поменять, тот что Новый город назвать Волжский берег, а этот Новым городом и пора там дорогу сделать, дома задали а подъезда к ним нет","новый город, новые город, волжский берег, подъезд, названия, дорога, дом","['тот что новый город назвать волжский берег', 'наоборот названиями их поменять', 'ним нет', 'надо']","тот что новый город назвать волжский берег,наоборот названиями их поменять,ним нет,надо","['новый город назвать волжский берег', 'наоборот названиями', 'новым городом', 'дорогу сделать', 'дома задали', 'поменять', 'подъезда', 'ним']","новый город назвать волжский берег,наоборот названиями,новым городом,дорогу сделать,дома задали,поменять,подъезда,ним","['Новый город назвать Волжский', 'назвать Волжский берег', 'наоборот названиями их поменять', 'дома задали а подъезда', 'Новый город', 'дорогу сделать']","Новый город назвать Волжский,назвать Волжский берег,наоборот названиями их поменять,дома задали а подъезда,Новый город,дорогу сделать",Обустроенные дороги(Минус),,,
97,Волжский Берег,Артем Луценко,"Стоят в поле два дома, инфраструктура не развита, до ближайших магазинов километра полтора.","ближайшие магазины километра, два дома, поле, инфраструктура","['до ближайших магазинов километра полтора', 'инфраструктура не развита']","до ближайших магазинов километра полтора,инфраструктура не развита","['ближайших магазинов километра полтора', 'стоят', 'поле', 'дома', 'инфраструктура', 'развита']","ближайших магазинов километра полтора,стоят,поле,дома,инфраструктура,развита","['ближайших магазинов километра полтора', 'инфраструктура не развита', 'Стоят в поле', 'поле два дома', 'Стоят', 'дома']","ближайших магазинов километра полтора,инфраструктура не развита,Стоят в поле,поле два дома,Стоят,дома",Наличие магазинов рядом(Минус),Инфраструктура в шаговой доступности,,
98,Волжский Берег,Вероника,Дорог нет вообще,дороги,['дорог нет вообще'],дорог нет вообще,"['дорог', 'вообще']","дорог,вообще","['Дорог нет вообще', 'Дорог', 'вообще']","Дорог нет вообще,Дорог,вообще",Обустроенные дороги(Минус),,,
99,Волжский Берег,Анна К.,Отличное место😁,отличное место,[],['отличное место😁'],отличное место😁,"['Отличное место', 'место']","Отличное место,место",,Рекомендую,,,
100,Волжский Берег,Александр Петренко,Отопление отключили холодно очень,отопление,"['холодно очень', 'отопление']","холодно очень,отопление",['отопление отключили холодно'],отопление отключили холодно,"['Отопление отключили холодно', 'Отопление', 'отключили', 'холодно']","Отопление отключили холодно,Отопление,отключили,холодно",Отопление(Минус),,,
101,Волжский Берег,Евгений Свидерский,Дорогая камуналка,дорогая камуналка,"['камуналка', 'дорогая']","камуналка,дорогая",['дорогая камуналка'],дорогая камуналка,"['Дорогая камуналка', 'Дорогая']","Дорогая камуналка,Дорогая",DELETED,DELETED,DELETED,
102,Волжский Берег,Арт арт,Ужасное место никакой инфраструктуры,ужасное место инфраструктуры,['ужасное место никакой инфраструктуры'],ужасное место никакой инфраструктуры,['ужасное место никакой инфраструктуры'],ужасное место никакой инфраструктуры,"['Ужасное место никакой инфраструктуры', 'Ужасное место', 'место никакой', 'инфраструктуры', 'место']","Ужасное место никакой инфраструктуры,Ужасное место,место никакой,инфраструктуры,место",Рекомендую(Минус),Инфраструктура в шаговой доступности(Минус),,
103,Волжский Берег,Александр Зверев,Нет дорог. Нет магазинов поблизости.,дороги магазинов,"['нет магазинов поблизости', 'нет дорог']","нет магазинов поблизости,нет дорог","['магазинов поблизости', 'дорог']","магазинов поблизости,дорог","['дорог', 'магазинов поблизости', 'магазинов']","дорог,магазинов поблизости,магазинов",Наличие магазинов рядом(Минус),,,
104,Волжский Берег,Елена Смирнова,Дорога нужна к 7 дому,"дорога, дом","['дорога нужна', 'дому']","дорога нужна,дому","['дорога нужна', '7 дому']","дорога нужна,7 дому","['дому', 'Дорога нужна', 'нужна']","дому,Дорога нужна,нужна",Обустроенные дороги(Минус),,,
105,Волжский Берег,Кто-то,Начнем с того что: хорошая детская площадка; В квартиры первых этажей (судя по всему) вход прямо с улицы!,"хорошая детская площадка квартиры, первые этажи, улица, вход","['судя по всему', 'хорошая детская площадка', 'первых этажей']","судя по всему,хорошая детская площадка,первых этажей","['хорошая детская площадка', 'квартиры первых этажей', 'вход прямо', 'начнем', 'судя', 'улицы']","хорошая детская площадка,квартиры первых этажей,вход прямо,начнем,судя,улицы","['хорошая детская площадка', 'вход прямо с улицы', 'квартиры первых этажей', 'Начнем', 'хорошая', 'площадка']","хорошая детская площадка,вход прямо с улицы,квартиры первых этажей,Начнем,хорошая,площадка",Детская площадка за окном,,,
106,Волжский Берег,Андрей Филиппов,"Хороший микрорайон. Тихо, несмотря на то, что рядом трасса.","хороший микрорайон, трасса","['хороший микрорайон', 'что рядом трасса', 'несмотря на то']","хороший микрорайон,что рядом трасса,несмотря на то","['хороший микрорайон', 'тихо', 'несмотря', 'трасса']","хороший микрорайон,тихо,несмотря,трасса","['Хороший микрорайон', 'Тихо', 'Хороший', 'несмотря', 'трасса']","Хороший микрорайон,Тихо,Хороший,несмотря,трасса",Рекомендую,,,
107,Волжский Берег,Дмитрий некрасов,Отлично спасибо,['отлично спасибо'],отлично спасибо,['отлично'],отлично,['Отлично'],Отлично,,Рекомендую,,,
108,Волжский Берег,Александр Гребёнкин,"Новый микрорайон, много свободного пространства!","свободное пространство, новый микрорайон","['новый микрорайон', 'много свободного пространства']","новый микрорайон,много свободного пространства","['новый микрорайон', 'свободного пространства']","новый микрорайон,свободного пространства","['Новый микрорайон', 'свободного пространства', 'Новый', 'свободного']","Новый микрорайон,свободного пространства,Новый,свободного",Рекомендую,,,
109,Волжский Берег,Ирина,"Дорог нет, трудно доехать на общественном транспорте, отсутсвие магазинов","отсутсвие магазинов, общественное транспорт, дороги","['трудно доехать на общественном транспорте', 'отсутсвие магазинов', 'дорог нет']","трудно доехать на общественном транспорте,отсутсвие магазинов,дорог нет","['трудно доехать', 'общественном транспорте', 'отсутсвие магазинов', 'дорог']","трудно доехать,общественном транспорте,отсутсвие магазинов,дорог","['трудно доехать на общественном', 'отсутсвие магазинов', 'общественном транспорте', 'Дорог', 'трудно', 'транспорте']","трудно доехать на общественном,отсутсвие магазинов,общественном транспорте,Дорог,трудно,транспорте",Расположение удобное(Минус),Наличие магазинов рядом(Минус),Обустроенные дороги(Минус),
110,Волжский Берег,Елена Ландышева,"Дом хороший, нет автоподъезда к дому","дом, хороший автоподъезд","['нет автоподъезда', 'дом хороший', 'дому']","нет автоподъезда,дом хороший,дому","['дом хороший', 'автоподъезда', 'дому']","дом хороший,автоподъезда,дому","['Дом хороший', 'автоподъезда к дому', 'Дом']","Дом хороший,автоподъезда к дому,Дом",Обустроенные дороги(Минус),,,